Obs,Pred
4ZES_MMA:A:301,FALSE,0.1805
4ZES_MMA:B:301,FALSE,0.313
4ZET_MAN:C:1,FALSE,0.4135
4ZET_MAN:D:1,FALSE,0.4025
1K9I_MAN:K:1,FALSE,0.311
1K9I_MAN:L:1,FALSE,0.278
1K9I_MAN:M:1,FALSE,0.33
1K9I_MAN:N:1,FALSE,0.3135
1K9I_MAN:O:1,FALSE,0.29
1K9J_MAN:C:1,FALSE,0.3355
1SL4_MAN:B:1,TRUE,0.3915
1SL5_GAL:B:1,FALSE,0.408
1SL6_NDG:G:1,FALSE,0.4065
1SL6_NDG:H:1,FALSE,0.44
1SL6_NDG:I:1,FALSE,0.4485
1SL6_NDG:J:1,FALSE,0.3455
1SL6_NDG:K:1,FALSE,0.351
1SL6_NDG:L:1,FALSE,0.329
2IT5_MAN:B:1,FALSE,0.437
2IT6_MAN:B:1,FALSE,0.454
2XR5_MAN:A:1384,FALSE,0.4555
2XR6_MAN:A:1385,FALSE,0.401
5B1X_MAN:E:1,FALSE,0.5885
5B1X_MAN:F:1,FALSE,0.409
5B1X_MAN:G:1,FALSE,0.64
5B1X_MAN:H:1,FALSE,0.4825
3VYK_MMA:B:1,FALSE,0.474
5VYB_BMA:B:1,TRUE,0.5105
1AFA_MBG:1:1,FALSE,0.3685
1AFA_MBG:2:3,FALSE,0.397
1AFA_MBG:3:2,FALSE,0.483
1AFB_NGA:1:1,FALSE,0.4955
1AFB_NGA:2:2,FALSE,0.5465
1AFB_NGA:3:3,FALSE,0.4455
1BCH_A2G:1:1,FALSE,0.4725
1BCH_NGA:2:1,FALSE,0.433
1BCH_NGA:3:1,FALSE,0.5825
1BCJ_NGA:1:1,FALSE,0.4095
1BCJ_NGA:2:1,FALSE,0.5835
1BCJ_NGA:3:1,FALSE,0.549
1KWU_MMA:A:501,FALSE,0.2785
1KWU_MMA:B:601,FALSE,0.216
1KWU_MMA:C:701,FALSE,0.3405
1KWV_NAG:A:501,FALSE,0.3505
1KWV_NAG:B:601,FALSE,0.322
1KWV_NAG:C:701,FALSE,0.388
1KWW_MFU:A:501,FALSE,0.334
1KWW_MFU:B:601,FALSE,0.3345
1KWW_MFU:C:701,FALSE,0.348
1KWX_MFB:A:501,FALSE,0.2655
1KWX_MFB:B:601,FALSE,0.232
1KWX_MFB:C:701,FALSE,0.307
1KWY_MAN:D:1,FALSE,0.4795
1KWY_MAN:E:1,FALSE,0.552
1KWY_MAN:F:1,FALSE,0.532
1KWZ_MAN:D:1,FALSE,0.309
1KWZ_MAN:E:1,FALSE,0.6475
1KWZ_MAN:F:1,FALSE,0.2875
1KX0_MAN:D:1,FALSE,0.3955
1KX0_MAN:E:1,FALSE,0.5015
1KX0_MAN:F:1,FALSE,0.6525
1KX1_MAN:B:20,TRUE,0.248
1KX1_MAN:E:50,TRUE,0.324
1KX1_MAN:G:1,TRUE,0.457
1KX1_MAN:H:1,TRUE,0.497
2KMB_MAG:A:1,FALSE,0.5745
2KMB_MAG:B:1,FALSE,0.4725
2KMB_NAG:C:1,FALSE,0.568
2MSB_NAG:C:1,TRUE,0.58
3KMB_FUC:2:222,FALSE,0.297
3KMB_MAG:A:1,FALSE,0.561
3KMB_NAG:B:1,FALSE,0.547
4KMB_FUC:2:222,FALSE,0.2605
4KMB_FUC:3:222,FALSE,0.291
4KMB_MAG:A:1,FALSE,0.5765
4KMB_MAG:B:1,FALSE,0.2015
1KZA_MAN:1:1001,FALSE,0.3235
1KZA_MAN:2:2001,FALSE,0.2855
1KZB_MAN:1:1501,FALSE,0.3395
1KZB_MAN:2:1601,FALSE,0.2635
1KZC_MAN:1:1001,FALSE,0.315
1KZC_MAN:2:2001,FALSE,0.265
1KZD_NAG:1:1001,FALSE,0.2265
1KZD_NAG:2:2001,FALSE,0.2195
1KZE_MAN:1:1001,FALSE,0.3125
1KZE_MAN:2:2001,FALSE,0.305
1RDI_MFU:1:1,FALSE,0.337
1RDI_MFU:2:1,FALSE,0.3035
1RDJ_MFB:1:1,FALSE,0.244
1RDJ_MFB:2:1,FALSE,0.2945
1RDK_GAL:1:1,FALSE,0.2835
1RDK_GAL:2:1,FALSE,0.274
1RDL_MMA:1:1,FALSE,0.267
1RDL_MMA:2:1,FALSE,0.263
1RDM_MMA:1:1,FALSE,0.2605
1RDM_MMA:1:2,FALSE,0.273
1RDM_MMA:2:1,FALSE,0.2625
1RDN_NDG:1:1,FALSE,0.2845
1RDN_NDG:2:1,FALSE,0.293
4C9F_GQ1:D:1325,FALSE,0.2875
4C9F_GQ1:D:1326,FALSE,0.273
4C9F_GQ1:D:1327,FALSE,0.241
4C9F_GQ1:E:1,FALSE,0.416
4C9F_GQ1:F:1,FALSE,0.612
4C9F_GQ1:G:1,FALSE,0.327
4CAJ_SIA:A:1327,FALSE,0.141
4CAJ_SIA:B:1329,FALSE,0.386
4CAJ_SIA:C:1328,FALSE,0.4275
3S5X_BMA:B:1,TRUE,0.488
3S5X_BMA:C:1,TRUE,0.356
4FBV_BMA:B:1,TRUE,0.41
4FBV_BMA:C:1,TRUE,0.46
4GK9_BMA:B:1,TRUE,0.513
4GK9_BMA:C:1,TRUE,0.4525
4GK9_BMA:D:1,TRUE,0.4915
4GK9_BMA:E:1,TRUE,0.3985
1J4U_MMA:A:401,FALSE,0.196
1J4U_MMA:B:402,FALSE,0.227
1J4U_MMA:C:403,FALSE,0.239
1J4U_MMA:D:404,FALSE,0.2335
1VBO_MAN:D:1405,FALSE,0.199
1VBO_MAN:F:2405,FALSE,0.3125
1VBO_MAN:I:1,FALSE,0.618
1VBO_MAN:J:1,FALSE,0.329
1VBO_MAN:K:1,FALSE,0.3365
1VBO_MAN:L:1,FALSE,0.4225
1VBO_MAN:M:1,FALSE,0.394
1VBO_MAN:N:1,FALSE,0.767
1VBP_MAN:C:1,TRUE,0.3325
1VBP_MAN:D:1,TRUE,0.373
1XXR_MAN:B:725,FALSE,0.234
1XXR_MAN:C:726,FALSE,0.2195
1XXR_MAN:D:727,FALSE,0.2155
5M6O_MAN:A:201,FALSE,0.345
5M6O_MAN:B:201,FALSE,0.251
5M6O_MAN:C:201,FALSE,0.195
5M6O_MAN:D:201,FALSE,0.192
5TQZ_GLC:A:201,FALSE,0.2665
5TQZ_GLC:B:201,FALSE,0.1425
5TQZ_GLC:C:201,FALSE,0.2385
5TQZ_GLC:D:201,FALSE,0.1875
2GUC_MAN:A:122,FALSE,0.4
2GUC_MAN:A:123,FALSE,0.3025
2GUC_MAN:A:124,FALSE,0.3615
2GUC_MAN:B:122,FALSE,0.4175
2GUC_MAN:B:123,FALSE,0.3585
2GUC_MAN:B:124,FALSE,0.3535
2GUD_MAN:A:122,FALSE,0.4
2GUD_MAN:A:124,FALSE,0.3065
2GUD_MAN:A:125,FALSE,0.3275
2GUD_MAN:B:122,FALSE,0.428
2GUD_MAN:B:123,FALSE,0.321
2GUD_MAN:B:124,FALSE,0.324
2GUE_NAG:B:122,FALSE,0.431
2HYQ_MAN:C:1,FALSE,0.3715
2HYQ_MAN:D:1,FALSE,0.3335
2HYQ_MAN:E:1,FALSE,0.3045
2HYQ_MAN:F:1,FALSE,0.384
2HYQ_MAN:G:1,FALSE,0.2695
2HYQ_MAN:H:1,FALSE,0.388
2HYR_BGC:C:1,FALSE,0.402
2HYR_BGC:D:1,FALSE,0.2955
2HYR_BGC:E:1,FALSE,0.3695
2HYR_BGC:F:1,FALSE,0.3935
2HYR_BGC:G:1,FALSE,0.3115
2HYR_BGC:H:1,FALSE,0.4005
2NU5_NAG:A:122,FALSE,0.3645
2NU5_NAG:A:123,FALSE,0.2905
2NU5_NAG:A:124,FALSE,0.2965
2NU5_NAG:B:122,FALSE,0.442
2NU5_NAG:B:123,FALSE,0.334
2NU5_NAG:B:124,FALSE,0.3005
2NUO_BGC:A:301,FALSE,0.4185
2NUO_BGC:A:302,FALSE,0.323
2NUO_BGC:A:303,FALSE,0.3325
2NUO_BGC:B:304,FALSE,0.468
2NUO_BGC:B:305,FALSE,0.3155
2NUO_BGC:B:306,FALSE,0.3005
3LL2_MAN:B:1,TRUE,0.493
1JPC_MAN:B:1,TRUE,0.2415
1JPC_MAN:C:1,TRUE,0.3925
1JPC_MAN:D:1,TRUE,0.4525
1MSA_MMA:A:110,FALSE,0.3175
1MSA_MMA:A:111,FALSE,0.2705
1MSA_MMA:A:112,FALSE,0.1845
1MSA_MMA:B:110,FALSE,0.33
1MSA_MMA:B:111,FALSE,0.241
1MSA_MMA:B:112,FALSE,0.1825
1MSA_MMA:C:110,FALSE,0.36
1MSA_MMA:C:111,FALSE,0.184
1MSA_MMA:C:112,FALSE,0.2305
1MSA_MMA:D:110,FALSE,0.272
1MSA_MMA:D:111,FALSE,0.221
1MSA_MMA:D:112,FALSE,0.2495
1NIV_MMA:A:110,FALSE,0.046
1NIV_MMA:B:1,FALSE,0.4155
1NIV_MMA:C:110,FALSE,0.046
1NIV_MMA:C:111,FALSE,0.2475
1NIV_MMA:D:1,FALSE,0.4035
1NIV_MMA:E:1,FALSE,0.386
1NPL_MAN:B:1,FALSE,0.233
1NPL_MAN:C:1,FALSE,0.484
1NPL_MAN:D:1,FALSE,0.3555
1NPL_MAN:E:1,FALSE,0.143
3DZW_MAN:C:1,FALSE,0.218
3DZW_MAN:D:1,FALSE,0.4405
3DZW_MAN:E:1,FALSE,0.418
3DZW_MAN:F:1,FALSE,0.587
3DZW_MAN:G:1,FALSE,0.416
3DZW_MAN:H:1,FALSE,0.4015
3A0D_MMA:A:111,FALSE,0.205
3A0E_MAN:B:1,FALSE,0.191
1N3O_GYP:A:1001,FALSE,0.351
1N3O_GYP:B:1101,FALSE,0.394
1N3P_GLC:C:1,FALSE,0.437
1N3P_GLC:D:1,FALSE,0.3815
1N3Q_BDF:D:1,FALSE,0.438
1N3Q_FRU:C:1,FALSE,0.329
1Q8O_MMA:C:1,FALSE,0.363
1Q8O_MMA:D:1,FALSE,0.4065
1Q8P_MMA:C:1,FALSE,0.36
1Q8P_MMA:D:1,FALSE,0.4145
1Q8Q_MMA:C:1,FALSE,0.343
1Q8Q_MMA:D:1,FALSE,0.4325
1Q8V_MAN:C:1,FALSE,0.312
1Q8V_MAN:D:1,FALSE,0.497
1UKG_MMA:A:1251,FALSE,0.3645
1UKG_MMA:B:2251,FALSE,0.365
2AR6_MAN:C:1,FALSE,0.408
2AR6_MAN:D:1,FALSE,0.351
2ARB_MAN:C:1,FALSE,0.372
2ARB_MAN:D:1,FALSE,0.398
2ARE_MAN:A:253,FALSE,0.294
2ARE_MAN:B:253,FALSE,0.3705
2ARX_MAN:C:1,FALSE,0.344
2ARX_NDG:D:1,FALSE,0.368
2AUY_MMA:C:1,FALSE,0.3445
2AUY_MMA:D:1,FALSE,0.3895
2GMM_MAN:C:1,FALSE,0.382
2GMM_MAN:D:1,FALSE,0.389
2GMP_MAN:C:1,FALSE,0.4885
2GMP_MAN:D:1,FALSE,0.3535
2GN3_MAN:A:300,FALSE,0.476
2GN3_MMA:B:300,FALSE,0.4005
2GN7_MAN:B:253,FALSE,0.294
2GN7_MAN:C:1,FALSE,0.413
2PHF_BMA:D:1,TRUE,0.4785
2PHF_MAN:C:1,TRUE,0.4185
2PHR_BMA:D:1,FALSE,0.475
2PHR_MAN:C:1,FALSE,0.376
2PHT_BMA:D:1,TRUE,0.493
2PHT_MAN:C:1,TRUE,0.3335
2PHU_BMA:C:1,TRUE,0.487
2PHU_MAN:A:253,TRUE,0.3655
2PHW_MAN:C:1,TRUE,0.413
2PHW_MAN:D:1,TRUE,0.4825
2PHX_MAN:C:1,TRUE,0.32
2PHX_MAN:D:1,TRUE,0.5135
3ZVX_MAN:C:1,FALSE,0.396
3ZYR_ASN:A:299,FALSE,0.385
3ZYR_NAG:D:1,FALSE,0.323
5EYX_MMA:C:1,FALSE,0.3435
5EYX_MMA:D:1,FALSE,0.408
5EYY_MMA:B:1,FALSE,0.389
5U38_MMA:B:1,FALSE,0.372
1IIY_MAN:B:1,FALSE,0.1935
1IIY_MAN:C:1,FALSE,0.36
2PYS_MAN:C:1,FALSE,0.366
2PYS_MAN:D:1,FALSE,0.3055
2RDK_MAN:C:1,FALSE,0.353
2RDK_MAN:D:1,FALSE,0.302
3GXY_OPM:C:1,TRUE,0.3205
3GXY_OPM:D:1,TRUE,0.305
3GXZ_BMA:D:1,TRUE,0.3135
3GXZ_NAG:C:1,TRUE,0.278
2XJP_BMA:A:1279,FALSE,0.225
2XJP_MAN:A:1277,FALSE,0.522
2XJR_MAN:B:1,TRUE,0.6415
2XJS_MAN:B:1,FALSE,0.518
2XJT_BMA:B:1,FALSE,0.6645
2XJU_MAN:B:1,FALSE,0.6485
2XJV_BGC:A:1277,FALSE,0.4995
2XJV_BGC:A:1278,FALSE,0.3365
